Time (ms),up_ch1,up_ch2,up_ch3,up_ch4,up_ch5,up_ch6,up_ch7,up_ch8,down_ch1,down_ch2,down_ch3,down_ch4,down_ch5,down_ch6,down_ch7,down_ch8
-200.0,2.1580968239568565,4.383318908131594,5.498636105012619,6.176250273330471,2.498655463138311,4.4401896548340245,5.862414998795686,4.7131735393817475,1.4763898010904273,0.3072519586869382,0.7727750652673868,1.0247579377103238,0.3371511920812157,0.295297250927824,1.5054826497365528,0.9423534333377013
-196.0,1.8240313201323581,4.2826246499351175,5.864686009837326,6.281803018609979,2.343974356807065,4.334099309807139,6.049925377624196,4.595942498642403,1.2713647829438561,0.03214904452685359,0.471847378125184,0.7254088611939401,-0.14512961015899714,-0.1479618250479271,1.0736623480604794,0.7063435356268543
-192.0,1.5552983614496554,4.028127664845706,6.3145841187326885,6.424421407045047,2.2192980447911506,4.319814184461442,6.2562006392794,4.6701299877840246,0.9566327487834871,-0.2944969790876273,0.10870716233610704,0.354768845367911,-0.6652888631752232,-0.6504948774175908,0.5667098627732956,0.3925099019454703
-188.0,1.3828443033387245,3.6354567702564755,6.6319467785014785,6.529721240950611,2.0167050666772575,4.355706396895386,6.331711451548181,4.827413562595053,0.6272719877805926,-0.5799598082181183,-0.24728191142967104,-0.021972261620109186,-1.1015065023810549,-1.1091829222183016,0.07670319249814897,0.0692216342236658
-184.0,1.3057513202452782,3.1673799168060017,6.678653918729562,6.53931008739092,1.7057246421851566,4.390082799970245,6.184652065395161,4.942287611655557,0.3599853297914567,-0.766762979648961,-0.5450706987612826,-0.33752904767203007,-1.3565405889764102,-1.437649185094094,-0.3081283423896003,-0.20662857318776512
-180.00000000000003,1.3374721143785713,2.740225548624871,6.509369018243705,6.437906484180098,1.3455330945682344,4.383338157124854,5.840073052474722,4.975729667348645,0.18375173476110673,-0.854845723434356,-0.7533818719858215,-0.5509664982616715,-1.390593668883441,-1.6046383380445541,-0.533230848593384,-0.3983490998861566
-176.00000000000003,1.491085186843289,2.5020122005954923,6.265064415783539,6.2640427444338895,1.0253072237829004,4.343334714445519,5.418056762815135,4.9408293919391575,0.10038267899305106,-0.8717852508239616,-0.8543540302068195,-0.6534240832925431,-1.2280940759584529,-1.6310530639487792,-0.5808987954800421,-0.48380987570157136
-172.0,1.7014277104304123,2.5446272832808745,6.041607682002584,6.07411469203296,0.8142520523871147,4.306279807190243,5.053788124162898,4.829931777026982,0.10911532471400141,-0.8344422168218149,-0.8551553268711694,-0.6520948026181761,-0.9426116711000289,-1.5538460704033736,-0.46291475921269293,-0.46104113553728665
-168.0,1.821767779934209,2.829715030725277,5.917003691011643,5.885019961902907,0.7522943545078883,4.271622814339137,4.837050714644777,4.635429382507357,0.2050937061785742,-0.7469767050959469,-0.7867040034576922,-0.5565080727670305,-0.6242549638844639,-1.399064513233784,-0.2159482959803946,-0.3502598231419905
-164.0,1.7322236210616964,3.217988595648046,5.992530771269535,5.656655890246977,0.8357112325125378,4.180227462361823,4.792572983995226,4.391646588874507,0.37572802338572103,-0.6173416519813407,-0.6709009312162079,-0.37813876085237713,-0.34126790266357215,-1.1806116950488725,0.108572752746978,-0.17516181324318877
-160.0,1.4210447011037268,3.5554268705412806,6.284387664685162,5.324319730439745,0.9895978052309666,3.962254961124606,4.866167253321243,4.119792363915178,0.6111911838743346,-0.4550484852959935,-0.5013846515537206,-0.13180733552079615,-0.11770421865778814,-0.9053566128206251,0.4634682114477142,0.05224639760254284
-156.00000000000003,0.9532136323351881,3.71435190446171,6.624959123093586,4.833420127668006,1.0866379381981015,3.5815730937211177,4.921068655315702,3.7573702593588805,0.9023032058857767,-0.26156208845994633,-0.27237545398541546,0.16667712561627138,0.05977531221752266,-0.5759639054037167,0.8163803192060621,0.31795125284017933
-152.00000000000003,0.41447711255127945,3.5958963143864953,6.777576876338876,4.153459214571456,1.0239200455083262,3.034770631869729,4.790544857841224,3.214382200167764,1.2153001411170439,-0.04288457947469745,-0.01271136088714438,0.4964461620333775,0.2172042776491991,-0.20453756291745984,1.1422849839643439,0.5878143866985338
-148.00000000000003,-0.0960738089957573,3.163601017768088,6.627528826241392,3.29528368877635,0.7785597434344992,2.3504093937469506,4.373213076356122,2.4897444905024715,1.4849030324331045,0.1738828417416574,0.22679744026749923,0.8217230624174113,0.3727760633302007,0.16944207663657432,1.415653950774534,0.8211008590157963
-144.00000000000003,-0.4908424691169361,2.48579187516719,6.196470587409656,2.333853904296861,0.39094221263685813,1.6108156990281752,3.6861130152257275,1.6758001833832799,1.6527686187235566,0.3580097404693997,0.40869871037375805,1.09562525738585,0.5302739389479155,0.4876804871079343,1.6184533690096234,1.0003672640970485
-140.0,-0.7712057056487899,1.7057018697403277,5.537240721757488,1.3952440062160734,-0.07469626642587883,0.9396528342483652,2.834320407823056,0.8665052829649225,1.7110742383511997,0.5101579148735089,0.5161322748478984,1.2837022243771574,0.6822614459621413,0.7103638496295245,1.751033968528227,1.1363986854260881
-136.0,-1.0464593694412114,0.9574498525527737,4.728177736390707,0.5949128198020197,-0.5410557231498402,0.42990860438179457,1.9478979707488813,0.12412538206051144,1.70280931029675,0.6630738428962227,0.5427514388877884,1.384316515995682,0.8177251490438013,0.8407130777117502,1.8271694438268777,1.248883320072873
-132.0,-1.4266811249280529,0.32521576413570763,3.9270381018247513,-0.02271095149579665,-0.9314728324154965,0.08525704370585133,1.1365570542931327,-0.48723885713140297,1.6919915632071116,0.845603032072383,0.5042542147559593,1.4260986106359117,0.9307684832327853,0.9107352460068574,1.8612105802799304,1.356034165051584
-128.0,-1.9159087566685709,-0.14193682530312918,3.287666805824545,-0.49710006293962994,-1.217714572060413,-0.16330417705772812,0.45286209456301296,-0.9278165682594852,1.7420738131250115,1.0599036775071033,0.45444226678968713,1.4523461531703055,1.0250530901735035,0.954581270628554,1.8667994969037431,1.4767673675294646
-124.00000000000001,-2.43565146940522,-0.43433162735486736,2.8062496240784225,-0.9256939786570135,-1.4465014740142121,-0.4052220884860833,-0.13677589965854106,-1.257141314970448,1.9001159359930875,1.2921990935920005,0.4620483299382363,1.509682116623631,1.1117650393075025,1.0021320116623953,1.8647871692977172,1.6221338397201985
-120.00000000000001,-2.9078366304584824,-0.609146719546039,2.3495251358748654,-1.4210478461753449,-1.68763333849251,-0.7183155618403217,-0.7256208035820839,-1.6075956499818294,2.169169220698601,1.5248679198284805,0.5662171316365937,1.6375588794629865,1.2064637721036058,1.0833771087319346,1.883357968385901,1.781502394901884
-116.0,-3.2703461203369857,-0.7631442131965547,1.8430160468723393,-2.049826753493703,-1.9549743896893779,-1.138675670375597,-1.3756991820183202,-2.0532797641265517,2.4926494293190524,1.7311806481472525,0.7671524210877968,1.8497299229037631,1.3277390844590595,1.219802734768136,1.9485104940109612,1.9326478827911302
-112.00000000000001,-3.4633092390521054,-0.952009857994577,1.3352332062845158,-2.771530446381669,-2.1919903387142994,-1.6139118133040828,-2.0473197170048985,-2.5538663216371313,2.783665474558111,1.876431369035117,1.0501248514388288,2.1199025463467325,1.4905153558703919,1.4100786650224935,2.0761410200289325,2.0682869743180907
-108.00000000000001,-3.4816276313059875,-1.1592192408966788,0.8761992908291144,-3.4349152144612227,-2.3191376791711233,-1.9994484238421961,-2.623224322809493,-3.0345995596954274,2.9751917190737505,1.9379702032882924,1.3909334048212398,2.390914529511006,1.6909248040871423,1.6314675462736543,2.266996723184982,2.1982144171309725
-104.00000000000001,-3.427298794843713,-1.344338283958741,0.4556098518483482,-3.8555284992867382,-2.271490193484856,-2.1430287926031806,-2.985638509075167,-3.4482810310021494,3.0388303940094064,1.9183623203616416,1.7395206459636972,2.603188480967658,1.8979073088103329,1.853320159748825,2.4999700824756395,2.323662778272446
-100.0,-3.4352905226519446,-1.4763829123263115,0.09583597978033177,-3.9111112176164493,-2.0111608383789106,-1.9838542033960815,-3.0598568744246006,-3.7319374142474504,2.972740009916801,1.837331718099999,2.031953976690514,2.720545546852468,2.0680884531456756,2.046204480732745,2.733187613423855,2.4281441669125203
-96.00000000000001,-3.5387397271510395,-1.506913241844724,-0.1100580896166596,-3.5810313771638524,-1.5542677854609341,-1.5673481870812573,-2.8186325687679763,-3.782449208366616,2.8014521609047387,1.725921940361865,2.2351180670208826,2.74244064993572,2.1744549170558334,2.1897054410270793,2.9243184008268925,2.5013246360289365
-92.00000000000001,-3.6565978969605526,-1.3659617621629778,-0.11597159991511763,-2.9347921061203723,-1.0013624515927044,-0.995308212562359,-2.2946780853390254,-3.539451297132731,2.5900932504940144,1.634481571993295,2.3646937828513748,2.7046537933716257,2.2210483405489176,2.2870837213537687,3.055781860831886,2.5560475050884928
-88.00000000000001,-3.7078529879888515,-1.0278310025908486,0.007786471439716181,-2.113492912025552,-0.5113665617281635,-0.3955113358377647,-1.5940232261177967,-3.056418219994609,2.4307650025769747,1.6262206314062195,2.4539993315734394,2.6660799698617947,2.2326265571763484,2.370352448157946,3.1375708562118807,2.611539689932214
-84.0,-3.6765684438830344,-0.5542515393135871,0.17699085876312257,-1.300526184605114,-0.22090255939993486,0.09027797496707504,-0.8642368577486598,-2.4511628737738023,2.393694615399068,1.7408822492562384,2.524930137837423,2.6796529283832276,2.2344030772464816,2.4764334655323164,3.187442310745085,2.6721252496194428
-80.00000000000001,-3.56492460825631,-0.04024650769309247,0.3781442277612327,-0.6550679044291594,-0.18422236831417269,0.3598247269819874,-0.23135381207281963,-1.8293767928690972,2.4895881952686025,1.9632862336100492,2.593254399761324,2.7633923167846226,2.2375676848917254,2.612657921487494,3.2151671140752462,2.730582077951809
-76.00000000000001,-3.3578965998975696,0.4566760429549824,0.5904373113490025,-0.24200597390618217,-0.3712109553118675,0.4195678837497549,0.23223122553850276,-1.2913318735540469,2.6721091487462907,2.23143403340539,2.67169873272729,2.894626336383253,2.2324039470720285,2.748981645700821,3.2238986449190055,2.776849285414445
-72.00000000000001,-3.0635768667643246,0.9039081085484977,0.7171174821570513,-0.027013987535631313,-0.688910181508234,0.3741234763894836,0.49906899528984705,-0.9475195354915869,2.8605451336821086,2.4681239253848,2.7466138746502926,3.028472893082477,2.190307718379642,2.8400383562851657,3.2154519122640677,2.790393369489385
-68.0,-2.73189718716817,1.2478176579539202,0.6850354331796036,0.06435831726837303,-1.0066236570646359,0.33418916370334434,0.5838014127210708,-0.8477408637319324,2.965598098083159,2.6043265452241733,2.7702681175379067,3.1202687308928527,2.0801186976209602,2.84649802947998,3.1899270916558304,2.738549411552997
-64.0,-2.3987631276379573,1.4379774690015878,0.5479232264823595,0.09891205086261748,-1.205899815890742,0.35277092173644403,0.5560614712356681,-0.9139880106033275,2.9272759705757205,2.5968582050568805,2.6984041500377667,3.139093553954148,1.8912927441691314,2.7416276576500715,3.1468108562699877,2.602009632733617
-60.0,-2.05055528412556,1.4941211627153974,0.4070688037698966,0.13948722036071656,-1.2378858271748536,0.4454377053941272,0.528959186455481,-0.9988793957062334,2.753225209031782,2.451506397740612,2.5265809352282056,3.0759021536728373,1.6425978075500416,2.5173375325325074,3.0884918644278017,2.397362641833157
-56.00000000000002,-1.6633791555562285,1.5121187810473273,0.29351744232855354,0.26075255914420997,-1.1226393490516575,0.6286227192126917,0.6174805982526114,-0.990092844709109,2.51494053731507,2.2288595732524046,2.2780259890112617,2.946543086291052,1.3685816321803848,2.193565816131438,3.014257604020727,2.161564478139185
-52.00000000000002,-1.2252796521974527,1.608404427873885,0.2222426865791152,0.5377754853568769,-0.8858063364793759,0.9183407102769215,0.910715317073649,-0.8133259111314383,2.29435973935939,2.009009258965789,1.9744782162140129,2.781349779182741,1.1012489272311283,1.8133043113013898,2.9068431282273686,1.9209965610427437
-48.000000000000014,-0.691016165978436,1.884041764276025,0.3000541571687122,1.022663691058795,-0.517893670620484,1.321595263104572,1.468045686348946,-0.3810159946177066,2.134512896380887,1.8427075622504767,1.6390113447570642,2.604612865982663,0.8630322084115367,1.4204777210449364,2.733702950389216,1.688271899831048
-44.000000000000014,0.02324633854427297,2.4132781125825775,0.6572471957670494,1.7304667533724938,-0.0042188395872144,1.8481092450273935,2.299304916161975,0.36778172915368323,2.0367185195868576,1.7366018157127487,1.3096992400007337,2.4229833695443372,0.6647248498461021,1.0441355132633268,2.4700613697867175,1.4780426204689574
-40.00000000000001,0.9398488565517354,3.2002782024993137,1.2956403700335426,2.6243730891330648,0.636482450050805,2.5015674155324286,3.3289774647698995,1.3741715815112914,1.9818751496267728,1.6719109515848785,1.0199949552285095,2.23182283021166,0.49864522748473195,0.7008860025564483,2.119454430219865,1.3034966184796897
-36.00000000000001,1.9435253848293068,4.133333976832484,2.1101017685241024,3.602703279846424,1.366779967610954,3.2349396828850314,4.40676403351607,2.4758205845170904,1.9397371000382768,1.6199076861684207,0.7694057128454421,2.0266074090378132,0.3368138848632439,0.3996159317525739,1.7117964069638267,1.1590313507941077
-32.0,2.8540746671921466,5.025447344103578,3.0383585881435184,4.522427770105821,2.159474341340194,3.9374540631728285,5.382816615982904,3.524115470277137,1.8745856165107428,1.5468512245888983,0.5371834181612586,1.8071919297174364,0.14716679367211716,0.138889263834319,1.290884662132403,1.026461717894858
-28.000000000000025,3.556748223592362,5.721981790489693,4.076294476325517,5.264133806625313,2.9829960659497776,4.494544534429104,6.174137476713867,4.432854016502499,1.7653308615669954,1.428951402606074,0.3216916579197512,1.5790075433231112,-0.0836886234893192,-0.08940086287416277,0.9076426251212308,0.9001187882231759
-24.00000000000002,4.036613029307292,6.158061777772593,5.157073040495509,5.784453750205313,3.776711592473215,4.854513083172787,6.7653366660804055,5.129364333354815,1.6182483128051421,1.2697282601069708,0.1428810500146333,1.3545800766113003,-0.3457008768115068,-0.2868757608593568,0.6098021237237476,0.7879689872562142
-20.000000000000018,4.3400153912779,6.3371356846932105,6.144415913829783,6.115304232966092,4.477321857635687,5.031405307077855,7.18440595128744,5.555325414322173,1.4484141050590342,1.0894048112576173,0.007326071226719906,1.1464601143372988,-0.62162085313818,-0.4487363484103283,0.4169508812062694,0.6852822640910422
-16.000000000000014,4.570370586604652,6.319105466343185,6.972550276916221,6.336288760448791,5.068707774391589,5.075846297738059,7.505477644908541,5.751671722580871,1.2572235129036702,0.8951970408905634,-0.10558962417340315,0.9507861367659866,-0.903981245128083,-0.585399929750405,0.3008713305613972,0.5662759042086623
-12.00000000000001,4.886382972979459,6.24360357784723,7.690415907098022,6.555146262082587,5.582281024361194,5.069307448285863,7.847532968715558,5.875357399902606,1.0441656674171702,0.6775437782571557,-0.22231740296013816,0.7416014202505162,-1.19967033366402,-0.7355614978269979,0.19873011129636364,0.4102452727488156
-8.000000000000007,5.406245993999169,6.296861956990597,8.341420709091555,6.877772807271777,6.049689528020798,5.111371249548051,8.319243598502348,6.086785366379676,0.8336295344094189,0.4397314650682264,-0.36413222021285674,0.48968132598568015,-1.527083493554879,-0.945855953969844,0.05057516589685782,0.2234754667135682
-4.0000000000000036,6.083156311521305,6.590317314170436,8.896653927628908,7.345587670062561,6.46788459682906,5.253157873479014,8.941549462181756,6.451248948372073,0.6710077332286417,0.21621438324062725,-0.5589232577127297,0.18830844926255222,-1.9094462606593583,-1.2381427383146228,-0.17264248247384267,0.03151661272327299
0.0,6.714259824246627,7.066607074023797,9.32905815855047,7.882718217715123,6.791167090696446,5.432793928291948,9.61896297673519,6.949300123156108,0.5942964966358891,0.055416689637210456,-0.8345714793442887,-0.14026534075489452,-2.3596186867708355,-1.5984067661222592,-0.46387989555352493,-0.13382542582194562
3.999999999999976,7.079206581247802,7.530261517907591,9.637740983925005,8.31411406339449,6.927256485337608,5.505637805640017,10.170162664933397,7.500270745188405,0.6238978987381555,-0.004504545247625732,-1.1873951704932049,-0.4581859845827808,-2.86179858250958,-1.9860723493778156,-0.7866268777414764,-0.2345972061178007
7.99999999999998,7.04636674472,7.750210710401126,9.748628491116705,8.446042097424485,6.760727126401437,5.349502882653442,10.38374140830231,7.933701122877208,0.7705274809704156,0.055771653553928435,-1.577277004457906,-0.7284150339380118,-3.368308443652872,-2.343851019915137,-1.0905730384320662,-0.23753645456959158
11.999999999999982,6.585779954711422,7.545185485754132,9.50658958792801,8.148377480567719,6.243137383733474,4.94128277852192,10.094538130373161,8.01874677039258,1.02365112930813,0.22671891973331768,-1.9649026992515302,-0.9286284996221515,-3.8158361028474657,-2.6095288161630013,-1.3412090015531315,-0.14702248599243123
15.999999999999986,5.7744991770808,6.852668630517768,8.858842698416238,7.407460369480873,5.4970381625711315,4.368736344646779,9.280202603123675,7.614588673930116,1.3257101658878492,0.4530395861600397,-2.3331771311918823,-1.0636715324215393,-4.141410677569908,-2.7381123751627054,-1.5446853484522753,-0.02073984336083043
19.99999999999999,4.810203501456463,5.789391957817624,7.9815394166903015,6.349787517502324,4.817353043003423,3.817752049737527,8.113709196925207,6.787637171477042,1.5821976021224553,0.6452906545699666,-2.65864638239256,-1.1638487255489016,-4.282879528651694,-2.7157648212487464,-1.7352170561217115,0.06382958233346378
23.999999999999993,3.9370027916325583,4.629925615650232,7.153686327552299,5.214708301165623,4.543147431516273,3.5329943004359654,6.897692309204001,5.751250570221945,1.7147412578796457,0.7342755819610156,-2.8827222252102307,-1.2572007732168917,-4.175248899439376,-2.5433743987336714,-1.9284123689504469,0.060288388361392824
27.999999999999996,3.2924696246199887,3.6647109132209157,6.563622079667793,4.25454261490533,4.898667449308688,3.7100652032501924,5.913677637568202,4.726611640987138,1.7012725615687283,0.7174343953678167,-2.9314810270803098,-1.3352320228312387,-3.76135938237129,-2.2098868217763967,-2.0869219510512473,-0.02772905861227961
32.0,2.840415517208707,3.04920413717427,6.285520780326262,3.6128055716785052,5.897915215749112,4.363933325079974,5.304268626181748,3.8888394938147366,1.5704562327511298,0.6475181011353063,-2.7544333452754652,-1.3483302347304746,-3.015872104131112,-1.696606803416605,-2.1317347483043316,-0.15866161112434327
35.99999999999998,2.4636531244795035,2.7769297648999878,6.3351341855939385,3.2766288455205625,7.325235691468719,5.297975716361506,5.050540969738541,3.3667657400545434,1.3820607166460406,0.587146948505599,-2.3368088546286945,-1.2368623160094876,-1.9681683542889228,-1.011742086744808,-1.9842991220761592,-0.26784761090432146
39.99999999999998,2.084313048440591,2.7512867910476837,6.626039762579435,3.130958171170066,8.788732256693605,6.210004782987366,5.0102402756177264,3.187603259017424,1.2201596936724048,0.5838305341018186,-1.7010208433895442,-0.9671947272544171,-0.7147476232939051,-0.2125769864066405,-1.6077258621663841,-0.285934106623005
43.999999999999986,1.6899749552331182,2.843865121218402,6.929972715440433,3.0469613330305143,9.861271993037777,6.831636517565654,4.981087514832931,3.22751348089854,1.175083384984607,0.6699008422491677,-0.9246088274165677,-0.5480813220281203,0.5854004872589618,0.6060639703706359,-1.0332404594427111,-0.1732506203959575
47.999999999999986,1.3158285447938123,2.9228109545891865,7.016234635400807,2.9387835157068016,10.262086578788262,7.006057200179456,4.79199137829829,3.293836354761656,1.298588335036429,0.8562126891235329,-0.1426833881325171,-0.031183218757431255,1.7421519239740764,1.336043387237891,-0.3643935476609149,0.053746714424448075
51.99999999999999,1.0474164077525012,2.9048647045930696,6.83246077043147,2.7839218194004927,9.954817513014492,6.712265034046889,4.390977190881666,3.26835739191817,1.572341890469878,1.1206041100027817,0.5034305052329117,0.4978022347047126,2.590036823216747,1.8758099041702134,0.2549753786324475,0.33746098923123435
55.99999999999999,0.9827020553218944,2.8020379679724234,6.473273358085753,2.616041091497231,9.097303396754004,6.058367921080861,3.853734243803543,3.132906040578446,1.9254644988370366,1.4175982761190837,0.9334716199358384,0.9446165774846565,3.0412256577299135,2.155539807525694,0.7037158801304065,0.6191299381327523
60.0,1.1218834639560842,2.683720847634751,6.01078567838665,2.4816580104468597,7.9216703055518725,5.217598003620234,3.299879206219927,2.8878905952695977,2.273048928747461,1.7033495419136404,1.1447049093025783,1.2456960558876293,3.1046269963977706,2.1664838168299663,0.9370286358863078,0.8585144611031466
64.0,1.315010813914035,2.5865400814286046,5.458329336444318,2.3815734653827336,6.650465423309501,4.319186764545953,2.8056961272501675,2.5298700620935937,2.5343701644480308,1.9452007178322965,1.1818959012234052,1.3947643656106352,2.8669334348466764,1.9659604759005285,0.9938874919323007,1.0294172573035938
68.0,1.3668356503149874,2.48759439669202,4.861976920064548,2.256778731523052,5.452609101908454,3.3894629858310026,2.385285171121261,2.106985429188666,2.642904429305558,2.1176215882089617,1.1135186244173634,1.4363470289737728,2.4543450145714,1.6448821636103597,0.9639792609200187,1.1233270095465133
72.00000000000001,1.1770954468359036,2.352921282887803,4.285263645361122,2.037322960660609,4.399346653350941,2.39809760236379,2.0114786748265856,1.7074017631421827,2.5745872595295545,2.211053256828485,1.019398865240572,1.436849946820694,1.9899554024653376,1.2860345386727765,0.943291526801321,1.1617950505739167
76.00000000000001,0.7525342342182976,2.162247046296542,3.6890505192367744,1.6955004202966262,3.448505535847432,1.3368445830449212,1.6293700794465242,1.3630489283059695,2.369534143113916,2.2460199574283335,0.9566987732947102,1.4552106266071783,1.554371467143575,0.9428651237075186,0.9929545556948534,1.1842117775475496
80.00000000000001,0.13859699593148675,1.8863484011352318,2.9510819854378374,1.251533389621733,2.5052079916810777,0.24287278034541118,1.1806626781119656,1.0268498424780104,2.1087615003828324,2.258542322347337,0.9209269241865471,1.5207955908682451,1.1650508440596217,0.6346744861792462,1.1081479149158375,1.2119997437719654
83.99999999999996,-0.5849616018261229,1.5014830841888966,2.044654935699711,0.7537734137843812,1.5148760316393952,-0.816134209235636,0.6570712472663515,0.6686663007949278,1.8672207639972878,2.2639740621483475,0.8574340109182604,1.6210690501203628,0.789918343642538,0.3462443658106269,1.2177831325272157,1.2337813992914963
87.99999999999997,-1.269509755185863,1.0530601045511574,1.1040881891540721,0.2698878180189163,0.4952902301574255,-1.7458412069356186,0.12638635499412226,0.33149615168708946,1.6941213273104883,2.246868662217069,0.7176750674073138,1.7098790688820584,0.38481417994555045,0.0407472501665489,1.2272625884511672,1.2270934332594
91.99999999999997,-1.7514133399885685,0.6607816405391458,0.28296690629930105,-0.12852332720166224,-0.5004431070261562,-2.4459277715281487,-0.3211475234217634,0.06469114502138193,1.618961937419914,2.188172858527793,0.49029727406584833,1.7377723715786206,-0.07715453315362271,-0.3102415792195563,1.075117223179631,1.178874837974092
95.99999999999997,-1.960677767247781,0.42902238803105097,-0.3578668328655449,-0.4091366215304638,-1.417118908326332,-2.8821292732182466,-0.65127966159336,-0.1339787194608947,1.6442010697663427,2.0870303976282285,0.1821058568373673,1.6806417127633149,-0.6008832097336847,-0.7061593277968315,0.7582489402386019,1.0811435803849898
99.99999999999997,-1.9270007313498765,0.3809075994102125,-0.7934098800735274,-0.607132997201773,-2.1968472294795456,-3.1403233850097703,-0.8938312481512211,-0.26750285100387017,1.7293481000074726,1.9541824464457664,-0.20008231192553497,1.5431594763466558,-1.1763890508989536,-1.1283871048248024,0.3189490143832704,0.928484901449636
103.99999999999999,-1.680856106553169,0.49704280293711495,-0.9826317146440341,-0.7897145136154026,-2.7834704501922474,-3.3751543178614507,-1.0839079707611996,-0.28598920158237384,1.80819588677746,1.8061546011123253,-0.6371029064940623,1.3439203925605578,-1.7828955182623136,-1.562340443611041,-0.1768541184758669,0.7359192267630967
107.99999999999999,-1.2145075581839808,0.7690576939137271,-0.9417174274682467,-0.99432374279486,-3.145851024324966,-3.7011769946233266,-1.222070711871578,-0.13501298747228094,1.8340670079529715,1.67772913500533,-1.092403175371704,1.104259851169934,-2.3926562304400005,-1.9992688318757916,-0.6547633218344339,0.5473014560304659
111.99999999999999,-0.5559677209016445,1.169982788322615,-0.7769778256891796,-1.2177041885471032,-3.283668899988886,-4.150183146459374,-1.2876150898690553,0.17925872061760503,1.798973185147113,1.6209187448538163,-1.5365531186713992,0.8439916812600278,-2.9793204569276583,-2.4249826923170636,-1.0509520042402216,0.41039971654712426
115.99999999999999,0.17729007142160255,1.602539084682874,-0.5654239280187461,-1.4545262624530997,-3.2085069397360275,-4.707300908877219,-1.261211785161719,0.6101133348518466,1.7126675455749105,1.6701801282035509,-1.9595245441464544,0.5738586954979668,-3.523263080626293,-2.822621862848253,-1.3339945198527203,0.3484185317838381
120.0,0.8228061850336853,1.9260479089043792,-0.27343138106613435,-1.7156531964379318,-2.939413178902648,-5.330512480807653,-1.1323447584782813,1.1039634787875878,1.5874376952814186,1.8116209376818309,-2.344737329263149,0.2896899465884334,-4.008206117019183,-3.1847986909131936,-1.5080109246872766,0.36218067510881724
124.0,1.2311694702496956,2.0254195968334407,0.13112293703838787,-2.0043457507868614,-2.517394707579171,-5.925928115875722,-0.9139288464510033,1.560185830476209,1.4503161186234097,1.9949345009587698,-2.650495632846716,-0.016745671527585843,-4.417365747589362,-3.5081396770410787,-1.592819976904611,0.44534222249039257
128.0,1.2819919521684633,1.8298497223624262,0.5564846463541682,-2.2990395648304243,-1.9933381116579978,-6.352494380385821,-0.659156457250047,1.808252145049782,1.346050407176119,2.1665294355443914,-2.837411580605043,-0.33631971480182815,-4.735500526385304,-3.7727868177880226,-1.6058723080224564,0.5815031790017017
132.0,0.9264247481941372,1.3025549311903795,0.8647916773641207,-2.5654572507465447,-1.3850206347102443,-6.4794861429751345,-0.43895021423982444,1.711356290915231,1.3093242169616806,2.2831138970492,-2.902704423852742,-0.6359075655231793,-4.9482865804457115,-3.9373408649833546,-1.561551504990259,0.7366324565283272
136.0,0.2685761840584238,0.47540839015950453,1.0198043881053571,-2.762200415397982,-0.6634004894791257,-6.222323459452496,-0.28570320808954663,1.294485656545392,1.3412823299643117,2.3109627376678428,-2.8723938781732343,-0.8747641197261574,-5.032477986020494,-3.955758248733162,-1.4741716717758204,0.8741124472841415
140.0,-0.441052358763671,-0.5093892360178482,1.0792308365065948,-2.8251360694760774,0.20880191078075222,-5.5235212507885345,-0.1669087460821179,0.726804335469699,1.4171057229839403,2.2364099528887116,-2.7741979588778722,-1.0249757490150406,-4.949400456667752,-3.791346126144298,-1.3531796010761754,0.9756674919276304
143.99999999999997,-0.9544180666526262,-1.4461664348652097,1.1060465187992818,-2.670084850724457,1.2432877696808329,-4.347023316020966,-0.013048552159719526,0.1966239815450192,1.4971545774247523,2.0748440363714766,-2.6351676661981607,-1.0808204711731577,-4.657239571927709,-3.4195579778271363,-1.2027396885682744,1.0350864133838333
147.99999999999997,-1.1699826436322256,-2.175424090474228,1.1907279157978456,-2.232573431018662,2.432792258253866,-2.724925899324795,0.24640958155461992,-0.15653338321781352,1.5188705164671512,1.8513079580846108,-2.4883628711207266,-1.0616686227959964,-4.136368000080673,-2.8394871658199063,-1.0336990403056907,1.037984338886667
151.99999999999997,-1.1344753549954802,-2.637897918892294,1.501221014193768,-1.5044149212993474,3.7508031906439054,-0.7902685043737113,0.6658392852297627,-0.24168957093472898,1.4009707807895613,1.5721774757540987,-2.354052284774008,-1.010802335722854,-3.4080657826780887,-2.095767645692588,-0.8701547255970252,0.9654964476262242
155.99999999999997,-0.9677872770892223,-2.84901272962693,2.1609523572114377,-0.537866210983772,5.110105481307583,1.257231589387833,1.2532700521615858,-0.05769025504678839,1.0879203978310126,1.2303383294965846,-2.2205800574581196,-0.9794355333116016,-2.5371281844840574,-1.2799521514118537,-0.7363385623097314,0.8160720542203109
159.99999999999997,-0.8266570468397147,-2.8738108751746556,3.0597648496210934,0.5567415653808163,6.33734420309627,3.20213161819295,1.9214596386761478,0.25011305847567006,0.5974294229378739,0.8365909459176011,-2.06825543793679,-0.9974090164486821,-1.6213861242287801,-0.4983166773541848,-0.6411401888148736,0.6071045478013843
163.99999999999997,-0.8736017543127544,-2.822180579121993,3.8794900584235363,1.6020495896698945,7.221636892713724,4.8273363979588115,2.4811846613843063,0.45256640813507565,0.018358540086650176,0.42917793370944196,-1.9093911295116288,-1.0564027831417013,-0.7707166698809388,0.16250605237811602,-0.5829011049467029,0.3557128745376555
167.99999999999997,-1.185194656833552,-2.804882179384145,4.3119841705988655,2.3692879173028216,7.593448395054891,5.928575240371941,2.7079052887469666,0.3899257238211883,-0.5329789265549534,0.04962383848657898,-1.7836399503244982,-1.124349096339584,-0.08014753751732141,0.6425905305206115,-0.5666166492558762,0.07430789060461676
172.0,-1.6852562826749666,-2.8612611058699713,4.178310676376001,2.6451215555901584,7.35839423438883,6.3700977597533255,2.420887767723473,0.02894822758757568,-0.9557328097863229,-0.2788794081660999,-1.7186929937931334,-1.1763603859278844,0.38733771682741136,0.9002437813057701,-0.6112534225309,-0.21608407658805673
176.0,-2.2131056380886602,-2.9518005609284206,3.3787545971879687,2.3102938573937783,6.49572003423234,6.131210898149036,1.5151689698393866,-0.6157549010934379,-1.1976426345827358,-0.5520811541849688,-1.7206008249763616,-1.215412305627003,0.596027590353685,0.9105793292587222,-0.7455677554249864,-0.49028428575261107
180.0,-2.649358190290874,-3.0257443821540613,1.8880639962734667,1.3767121718342064,5.072525281349428,5.285362282796334,-0.02663193726899801,-1.5306074536953485,-1.2858834726721646,-0.7835868359028307,-1.8002399296280605,-1.2744566553055832,0.5235499369072624,0.6675888075456619,-1.0030906342407653,-0.7451770493679498
184.0,-2.9473536736762096,-3.0609979922521373,-0.1490622241098824,-0.019629368474933944,3.254579273125255,3.951699228901109,-2.1032950688529826,-2.648711988311135,-1.326491063186818,-1.006468254902311,-1.9777118403014562,-1.4039701477044668,0.16320112062352016,0.1810443851055139,-1.4109822621722978,-1.00547431786284
188.0,-3.092556206623406,-3.0373405692946447,-2.4325617944101006,-1.65230869924225,1.258915877230019,2.284336652781232,-4.485167125752069,-3.826580119104928,-1.4415894187743052,-1.253812578877117,-2.2495737696270934,-1.6449494092854038,-0.4548476087237724,-0.5183591126298955,-1.963846646644156,-1.2931338183713907
192.0,-3.1181996822150464,-2.931975363967754,-4.688117115793016,-3.2737759425798187,-0.7275051917494406,0.4722823762497252,-6.881581827345582,-4.930910429111222,-1.6851792526164,-1.5228550238167573,-2.573265451829035,-1.9953492230652894,-1.2484841004609235,-1.3580755241352271,-2.6012497790277926,-1.6009542833696475
196.0,-3.1544547703449837,-2.781069487478864,-6.7770508439648625,-4.714595405224502,-2.583000683844344,-1.3082373863754913,-9.049340134344511,-5.9111169109858235,-2.016638112320122,-1.7684333913476915,-2.8942030497100917,-2.3975679340472,-2.0943954224783194,-2.2155760713055446,-3.2197989867784638,-1.9009586524507422
200.0,-3.3717763892694617,-2.707968329691258,-8.616095660786863,-5.943970701700252,-4.227381625521733,-2.949928217733868,-10.854387937945278,-6.760748674229293,-2.3453086665377993,-1.942120624468482,-3.1713878385681844,-2.766161576186142,-2.8584021017984975,-2.951298829163406,-3.7169516269274103,-2.164084513657715
204.00000000000003,-3.8324013950464244,-2.840821621385937,-10.105583666602097,-7.027016702083448,-5.597663190295052,-4.395701420376801,-12.264882571526158,-7.46612171619993,-2.586295076593326,-2.0311550398386475,-3.37281362000991,-3.0346452143045695,-3.428463899527913,-3.460621959410757,-4.030087964612144,-2.3643581740327884
207.99999999999997,-4.426851834533602,-3.205015842769319,-11.201245209996822,-8.017576919544492,-6.644977304839811,-5.570160942066075,-13.319005483131319,-8.03420622432493,-2.6882091038801614,-2.057193629337333,-3.4738779115194505,-3.1809989378365753,-3.7398693758027313,-3.697914011073766,-4.147883922179553,-2.4822726340381736
211.99999999999997,-4.9573850097889665,-3.707850222969166,-11.960257536427553,-8.892377198360276,-7.322671524657497,-6.36815781253159,-14.085919077368674,-8.509916831443777,-2.647547965953039,-2.055234786337392,-3.478989270860376,-3.22062990156279,-3.785218726836176,-3.6650044586868615,-4.103281760514642,-2.522361667205605
215.99999999999997,-5.240613129298662,-4.196894897101431,-12.43376370301487,-9.570745503479486,-7.5743432167340465,-6.719071449916025,-14.610720248096912,-8.899545850219223,-2.515020234879736,-2.0654848806098918,-3.427459511710381,-3.188786384952772,-3.6033151639672463,-3.395394004010789,-3.959914568921167,-2.52015211974715
219.99999999999997,-5.149120867780184,-4.512451259475174,-12.58824297207465,-9.973839698070094,-7.371518999454242,-6.638361067531763,-14.877703268430173,-9.113990411580259,-2.3689387868729486,-2.12749017327748,-3.360807047465581,-3.1287444306899994,-3.2545501312595193,-2.9489337308091756,-3.789843615048137,-2.5179246692052035
223.99999999999997,-4.656511835773168,-4.538682315675343,-12.416646158499457,-10.076385274302767,-6.785793336509901,-6.223375814675248,-14.847433615607363,-9.054979962323175,-2.2637600928330843,-2.2581319200930117,-3.297191047686812,-3.081242805020359,-2.803002105948112,-2.4028264443074026,-3.6477950336102802,-2.538616420074959
227.99999999999997,-3.8966556612547367,-4.280681718239285,-12.060447534378662,-9.943714107210646,-6.0043947799603465,-5.639552350198668,-14.542978092960043,-8.74184738908883,-2.209212033832053,-2.437738107541414,-3.250276684127119,-3.073288607647118,-2.31443225126297,-1.8362159479403826,-3.5613595728512757,-2.592075650188412
231.99999999999997,-3.121421896490862,-3.8952769050463876,-11.727667423892713,-9.73626367581025,-5.2525268947420765,-5.10963217549825,-14.08850059791322,-8.306769327331189,-2.2010095516782053,-2.632685094401947,-3.252804188148161,-3.1159027546595763,-1.8568460917523177,-1.3244433528318942,-3.5414372519352217,-2.694115696986633
236.0,-2.540525276059283,-3.5970591304002624,-11.537169124924512,-9.648967555433671,-4.698642938241275,-4.852968201310146,-13.660911688034751,-7.894730475490696,-2.2517327274937675,-2.8280499171768247,-3.3371249228270456,-3.210166062700136,-1.4895585750995861,-0.9401167523844932,-3.5909180221556114,-2.8604360201781596
240.0,-2.2200751466157533,-3.5161752827292627,-11.525535514314765,-9.810417676731866,-4.419074745867317,-4.983075739555331,-13.416173979096925,-7.622199287081879,-2.3780062343644666,-3.024612779244864,-3.5006639908045267,-3.346729644757432,-1.2470018671074632,-0.7374564976651213,-3.6976460281205967,-3.085458921595727
244.0,-2.147602429649487,-3.6547406829079137,-11.741345876318913,-10.226322774669534,-4.406502532013719,-5.464435090916294,-13.44677388369699,-7.591229386447292,-2.572215337809466,-3.209604929998013,-3.707824161273204,-3.4972913221726896,-1.131648663656428,-0.7223946603898416,-3.8279166454730045,-3.3421530865331897
248.0,-2.328363624722598,-3.9488557128521107,-12.208313493923878,-10.808618259019218,-4.584367026035967,-6.174039962306326,-13.758589714663966,-7.845766536129653,-2.8024934907898476,-3.3489478615583512,-3.9140363805200353,-3.6171555775985307,-1.1174456536264676,-0.844579083629038,-3.937375677711147,-3.598710313220185
252.0,-2.765091041542161,-4.323708288442237,-12.821559603646508,-11.443111488621124,-4.84639183251521,-6.9871216496882145,-14.260647920542498,-8.304679852374699,-3.029548600498966,-3.409779823413813,-4.067899543633493,-3.6664856934428594,-1.1573760014320837,-1.0267091341153467,-3.988143179697093,-3.8205027131113365
256.0,-3.3941857030915106,-4.705992186480133,-13.40605065863411,-12.040636577468387,-5.134283433879113,-7.812197943990899,-14.8080842930143,-8.81293987284406,-3.209180168712512,-3.378676565856562,-4.1049501623344735,-3.629852070597198,-1.1964216514306627,-1.2011006370471753,-3.9548875589639603,-3.962426283343985
260.0,-4.109789064083947,-5.052154711483315,-13.888370163201323,-12.568778172539245,-5.487324597333484,-8.602457952908964,-15.297585288709152,-9.281774956945776,-3.2920606117101876,-3.26209259814733,-3.9750345259319246,-3.515487420573655,-1.1917086943443864,-1.324797680941005,-3.8256905483284336,-3.9841578036690843
264.0,-4.825422143660311,-5.384447391215475,-14.320316126111104,-13.066246665578728,-5.998708743931891,-9.376492401451236,-15.728179456715914,-9.731974877858072,-3.2460568831864403,-3.0882409880071777,-3.683470911567,-3.343240700211846,-1.127856355557963,-1.3820858967889895,-3.609621963720156,-3.881059274510117
268.0,-5.457638777487281,-5.753571742617324,-14.743502085198221,-13.61354227460103,-6.722997215998495,-10.20413200573924,-16.166284512624188,-10.20427563708472,-3.082220461800775,-2.9107466317981716,-3.288139934513949,-3.1383664907240973,-1.0140719764317523,-1.389397050844353,-3.341580174868756,-3.687857092740635
271.99999999999994,-5.88344590037128,-6.1444975622192235,-15.143623657213961,-14.26426504216116,-7.6301383777685015,-11.13168660292061,-16.670695508438314,-10.701342542151183,-2.8494173976203916,-2.789461382004229,-2.8567478410868863,-2.929548857345082,-0.8691918490697209,-1.3904523838735374,-3.069614816687374,-3.4501125624107964
275.99999999999994,-5.995000136486948,-6.454039491112699,-15.546352293112175,-15.002688529015655,-8.623366332350265,-12.125278445029608,-17.26085829635832,-11.232394618646616,-2.6072508265141745,-2.752245471446897,-2.442517695526235,-2.740823243966084,-0.7107924435576137,-1.4283475872397797,-2.8332009822064372,-3.204381428883339
279.99999999999994,-5.8057718423059645,-6.58132025412459,-16.035878487088304,-15.771369532594521,-9.573869445574768,-13.107031205849404,-17.92470955143302,-11.834854976026403,-2.410277772297101,-2.777394821196748,-2.088602074292546,-2.5807703551383945,-0.549833448803868,-1.5132175920639095,-2.651075455100512,-2.981071579739471
284.0,-5.460561525920002,-6.517098387720201,-16.63744788271616,-16.524633814830267,-10.362952401501241,-14.031264814662276,-18.621773210836682,-12.51011740820055,-2.299885909695316,-2.8124116614828054,-1.8168336291037643,-2.439903045426649,-0.38291276395316565,-1.6130620816504189,-2.5184548466258465,-2.7988711733284015
288.0,-5.150518304024872,-6.3454099989454456,-17.281953555612322,-17.24456650792506,-10.948165780850006,-14.9032648653987,-19.29209047585441,-13.196774679839335,-2.2816680131227844,-2.7996137942422763,-1.5994531802214613,-2.2959469934932657,-0.1880893318407952,-1.6669559503428113,-2.4042528610818636,-2.643041029952449
292.0,-5.056631682547424,-6.20643019867046,-17.929154574355206,-17.925347078975026,-11.407009782056102,-15.74415534819602,-19.89654045509761,-13.848861922829524,-2.307230899734895,-2.6875564788866524,-1.368403340196181,-2.119970958069067,0.06227100498173045,-1.6044056402295819,-2.255961574991912,-2.4660321690806666
296.0,-5.331061524394763,-6.269435990188654,-18.624639050247705,-18.564404363950878,-11.884884675170163,-16.566950497207706,-20.445348485035336,-14.487334905583408,-2.2983091095552917,-2.443780465462852,-1.0702036611708585,-1.8843847297185456,0.37860198105803394,-1.3699339117920861,-2.0242669388492307,-2.224168085756417
300.0,-6.020940402901725,-6.670426171215121,-19.37654193757195,-19.154111492371246,-12.47458541886821,-17.36367242072243,-20.95922981759767,-15.129686081259889,-2.1964076103949974,-2.0752903155575773,-0.7003231467255391,-1.5755112496523271,0.745454790334896,-0.954415342348412,-1.69246685145872,-1.90599063902931
304.0,-6.967745314726451,-7.404774382133054,-20.06932405715382,-19.652438181533643,-13.144442020142872,-18.068031591450517,-21.40444298923829,-15.71939298235787,-1.9810172419623466,-1.628675651585645,-0.2821560113381965,-1.2018152262446495,1.1343112683604468,-0.41084957152400875,-1.2814355104223156,-1.5210978082462872
308.0,-7.83978815237112,-8.286919113661968,-20.572723962489775,-19.965377021065702,-13.76806548952289,-18.535793840080267,-21.69300830805589,-16.177251567890924,-1.6491111093094042,-1.1578129181079844,0.16106235681048314,-0.7883078574818912,1.519030560686737,0.16826541219368496,-0.8295182793678632,-1.0817304128656944
312.0,-8.31425498785179,-9.051707705066692,-20.860350206807503,-19.98982595259039,-14.195161032608183,-18.61597794397485,-21.75066507694281,-16.479925185642063,-1.2078786905611565,-0.696098074307788,0.6003746774557029,-0.36578143490145315,1.8784186393641553,0.6942771389508384,-0.3761146647144726,-0.6119510101406004
316.0,-8.233397327734545,-9.498790516638845,-20.953557171541117,-19.691894695076265,-14.307426372636643,-18.2726562424675,-21.569906225260503,-16.635310232213218,-0.7005975256493071,-0.264702511824694,0.9925221249138403,0.02962024458604301,2.19158676404426,1.1060607918330982,0.03687085087648464,-0.16144311384841772
320.0,-7.628594272455075,-9.546129640979595,-20.83635770372933,-19.14317183273908,-14.069318716051466,-17.629016809408203,-21.20909198349345,-16.625773261819063,-0.21850363779718024,0.10841742382954692,1.300119985018361,0.3510397246434673,2.4359121908007895,1.3663277958433258,0.3619992671739424,0.2099670426172603
324.0,-6.68608456819768,-9.203796802886943,-20.522155565071422,-18.4869124563152,-13.56463016959948,-16.891796039921303,-20.769953535422854,-16.443498753044818,0.13537819956794991,0.3968517281730133,1.5085250222296323,0.5494741615223604,2.587277179711987,1.458284135181759,0.555784340540379,0.4592451564875828
328.0,-5.7059247092578165,-8.553343078648679,-20.133708228120636,-17.873107227557465,-12.959974386912457,-16.242354590279934,-20.364516409864283,-16.148145168880237,0.2960991369907604,0.5983075040757447,1.609379355404311,0.598082818051009,2.6223789800819164,1.394189443127674,0.5921921630844035,0.5649177674729141
332.0,-4.986801558335339,-7.731342462610744,-19.799913248974814,-17.396048293030926,-12.39590392371021,-15.76972619656328,-20.04895661659317,-15.81123495816754,0.2553477800010202,0.7331306675856741,1.5869361834101208,0.5087792555201649,2.5284932048287794,1.2154558063468246,0.469882544391367,0.5211619391826375
336.0,-4.648210398029095,-6.87166860920534,-19.50497418795498,-17.042040956198395,-11.907617626351241,-15.43975768975434,-19.757992185775638,-15.414412634292887,0.05396519791616362,0.8210815113089305,1.4428823952587249,0.32454599172787996,2.317315715346181,0.9746382226971811,0.21650569460840144,0.34786635737214555
340.0,-4.565634482994099,-6.049294362298152,-19.133405245637274,-16.675799284779078,-11.444419178678569,-15.098187999344058,-19.322713125272205,-14.869416303442963,-0.23003082320278082,0.8691054916704135,1.2207102049571834,0.09834236946942748,2.0274015934825727,0.7197643980573848,-0.11026962427630538,0.09921864717300323
344.0,-4.508514738698162,-5.299269508459282,-18.6253459121284,-16.104009462895366,-10.931514073473572,-14.543699424787707,-18.57636540069029,-14.130285454968915,-0.5061432806780942,0.874448712002439,0.9797900891124643,-0.12365726854398261,1.7092318917220817,0.4935788456409507,-0.4375235643961906,-0.16077538618243759
348.00000000000006,-4.31931056990435,-4.668208647582501,-17.984931007815696,-15.188360243876446,-10.296945983075375,-13.647891315030671,-17.44626799353505,-13.222345702994533,-0.7139772203629374,0.8229459639530138,0.7498949914181495,-0.3119990422757146,1.4076177175920341,0.3310671704670953,-0.7076438864957212,-0.3954075918100019
352.00000000000006,-3.950965936708419,-4.196117995213651,-17.173321898125874,-13.915827085315037,-9.479128154343167,-12.415888256866959,-15.960223852433018,-12.172745870231283,-0.8483842971014128,0.6893182663406601,0.5287704539633612,-0.45889711058465427,1.1558792644459035,0.24563545185226654,-0.8991400166144154,-0.597789825446901
356.00000000000006,-3.407059775514556,-3.847707939022461,-16.12269317102063,-12.376688718494977,-8.45659916984042,-10.937213312551792,-14.206372121457216,-10.990452043912502,-0.9379347649429899,0.46388313924677305,0.31350265719068326,-0.5709346636509122,0.9766507798528898,0.22475332928888056,-1.0180084538075154,-0.7625389870006378
360.00000000000006,-2.7214428517143756,-3.510745290287258,-14.85520382493841,-10.697262421655227,-7.268490184181134,-9.309346757009441,-12.302981308980447,-9.718508465323305,-1.0069875882886163,0.188323611544028,0.10967850561445294,-0.6492981122396536,0.8778356540400534,0.2485995838256815,-1.0749582786254088,-0.8734859014498428
363.99999999999994,-1.966686599039294,-3.079168396364748,-13.470170225906717,-8.992599124996218,-5.9820786697437764,-7.621496533197521,-10.368129883790541,-8.423934850812547,-1.067826944679313,-0.049923169946323016,-0.08349407550519587,-0.6781979252538888,0.8464884291199601,0.3078144592828373,-1.0765890942791279,-0.9189668516861553
367.99999999999994,-1.2082574704939482,-2.5116595188987394,-11.998709058698317,-7.345835545779826,-4.649381341470896,-5.970488756576378,-8.47524599544409,-7.109758269288464,-1.1347018328627514,-0.1708004632948144,-0.26889081356738376,-0.6388947885582121,0.8506452205501376,0.3960021456630499,-1.032974129998219,-0.9013066267099036
371.99999999999994,-0.44954342272734366,-1.8144652057809723,-10.379693453673847,-5.796941372076676,-3.316595319494864,-4.446275975620822,-6.639137767534288,-5.704878817439043,-1.221529223558885,-0.14884132468971725,-0.43247034483590063,-0.5358614058831842,0.8482179534311319,0.4929118866971249,-0.9636337835855843,-0.829841738110357
375.99999999999994,0.33542207270058727,-1.019038508120048,-8.602323868545955,-4.352433882980452,-2.056730916073673,-3.108233181622971,-4.862167376348115,-4.174880540470974,-1.3269614754499732,-0.01714651990805266,-0.5554385453627999,-0.40702815967633377,0.7958758147255848,0.5666730317465596,-0.8951848246481805,-0.7236390314104215
379.99999999999994,1.1343433096398228,-0.19133303386847658,-6.766616630046472,-3.0216617341020586,-0.9512759231098339,-1.9982591670632324,-3.182346637513328,-2.589723822301939,-1.4401712523022876,0.15291648852874762,-0.6491246826931335,-0.3104154561561934,0.660104234039054,0.5902023217907623,-0.8572181911621236,-0.6249736916109601
383.99999999999994,1.9169889064923649,0.5920256617323806,-4.969702606326283,-1.8376770852449575,-0.03272730720543973,-1.1546361342847826,-1.6567410475080435,-1.0550205219970084,-1.5610979039754116,0.272567789735089,-0.7508845553224062,-0.3002485667447529,0.43489389249650967,0.5492002170573104,-0.875064049910071,-0.58723001731332
387.99999999999994,2.7065038541768947,1.3185613373446519,-3.235599689855997,-0.8280176557492755,0.7344044982812796,-0.5716646739020823,-0.3100492010888679,0.3667225228734691,-1.697082472717468,0.265524728429568,-0.874167401125806,-0.40335917893259715,0.15482101967851628,0.4423708374500689,-0.9543616970722196,-0.6328147276120295
391.99999999999994,3.5624362705850734,2.065234501251559,-1.6002506285980154,0.02773320038156489,1.4205122358835562,-0.15118578545847788,0.878080630912309,1.638561053562787,-1.8386371637039427,0.10651934097405956,-0.9816906928340153,-0.6027355729687366,-0.11487906125621973,0.28671174130569566,-1.070062542003039,-0.7312608908066882
395.99999999999994,4.487817322306635,2.917497321396377,-0.15842472974113023,0.7945470550207419,2.102091390484277,0.26525102786126414,1.945325706390911,2.7239857450791733,-1.9577526266239114,-0.16717765138783,-1.0172618503538695,-0.8419971248210183,-0.3094536924560406,0.11814054343084923,-1.179282333618805,-0.8270006408250925
399.99999999999994,5.405517211189134,3.8763724394159254,1.0424654989389315,1.5368187141434408,2.848444890463162,0.7984659934364934,2.9268982873912526,3.6345898158423653,-2.0356768373432614,-0.4888809391844629,-0.9482823309831121,-1.056905287412885,-0.3931960253406033,-0.028617475304023667,-1.2504950850796934,-0.8794532598801795
403.99999999999994,6.222120660748589,4.850566252801689,2.064608807270666,2.2783874425477904,3.6787924490642196,1.4644183696457185,3.8418789302110827,4.446479808288753,-2.0773584520885056,-0.802208615186519,-0.7757862382528646,-1.2111328906193373,-0.3681623088592452,-0.14396252941814158,-1.2788027859355942,-0.8732470006349108
408.0,6.8508374342439575,5.694024798457243,2.9566082515106067,2.981709931975456,4.50240792963936,2.1719267475552306,4.65346486247522,5.197524789581509,-2.0956508716195237,-1.06868005475602,-0.5338743912406971,-1.3042522563630898,-0.2672832635954935,-0.23963890182602446,-1.2765272635970004,-0.8113465405917618
412.0,7.17082947000046,6.221794176800883,3.642097883499028,3.535741034053375,5.1260988196552795,2.7454681312498574,5.237821547469791,5.794375032187849,-2.1006469943189083,-1.2600126756409404,-0.2979327559522878,-1.3512668070912697,-0.14106399791358712,-0.3228609087044406,-1.2598193222658574,-0.7178961890077575
416.0,7.0525130152598745,6.244756556164246,4.012962717232324,3.776297000435649,5.352664103386328,2.970846837300682,5.434108326124348,6.078026246690603,-2.1129491063514623,-1.3677475215577037,-0.1674103352648766,-1.3626501109966922,-0.03894974756860022,-0.38443270200636015,-1.2472380185004779,-0.6370192535658079
420.0,6.47572768569698,5.672989703602742,4.069837860590028,3.5696498591372885,5.084440182496651,2.6985715357824813,5.158598621679259,5.962358586835179,-2.168752374386483,-1.4179101111920769,-0.20658902125818632,-1.3424997158643335,0.010295404402501391,-0.41143176384167135,-1.2610538148751698,-0.6080772188665016
424.0,5.582578149342483,4.604870825646247,3.889931040179184,2.91526240627196,4.358198608767238,1.9590283779167152,4.475395098022466,5.472304111470892,-2.295940854138629,-1.4592945010062435,-0.4006058540021246,-1.2950454212478326,0.006014866452833298,-0.39923044486703135,-1.3215868767300003,-0.6427692688373847
428.0,4.58038094666051,3.2876795841263866,3.5263821062247045,1.971569251720044,3.3310308576501546,0.972607908957674,3.5673898490710316,4.697876433276988,-2.4914800293571884,-1.5334665191160226,-0.6777794109806581,-1.2270469182522576,-0.03236237749864661,-0.3482290117426904,-1.4415372791921972,-0.7348980830276796
432.0,3.627176189498749,1.9886552089025897,3.045365400512446,0.9774889672586807,2.250618476223246,0.03085990108240851,2.658634761835655,3.786456882430176,-2.7255001692091083,-1.6582454249025806,-0.9605263184751744,-1.1471809702018427,-0.07403630409547915,-0.2592457058600615,-1.6238274752811124,-0.879574946982796
436.0,2.8237076884976404,0.9091690835745012,2.608809113080646,0.14465222303232447,1.389825646323628,-0.6366740175489445,1.9462948493219832,2.9476027028959204,-2.9500852569157567,-1.826423588620828,-1.1826591984054275,-1.064563262680669,-0.07770670643976241,-0.13611806379408595,-1.8530859687379737,-1.0626919974611861
440.0,2.2399364400783113,0.16801256232386114,2.3893428960200898,-0.4064959209162179,0.9426598970027688,-0.9165423487762294,1.5418965729185734,2.362813267157255,-3.0950382347774563,-2.0019669941245106,-1.2843328490538664,-0.9829475265534615,0.002026679986832637,0.01586589794918601,-2.082952473103845,-1.2384267502004487
444.0,1.879454992830738,-0.21961144977834196,2.4032654589620632,-0.666624121138658,0.9517521040505078,-0.8145890929239309,1.427658741792217,2.061077719163435,-3.079684097934642,-2.1235077433086045,-1.230008316245101,-0.8947864122280238,0.19184748045130806,0.1968246335879126,-2.2428342159202943,-1.3421564242664137
448.0,1.6506317500058367,-0.36536388408091663,2.5146573109245116,-0.7313329684181101,1.323732905005076,-0.45176812669091687,1.475970376768786,1.9258460601684322,-2.8607624945272785,-2.136609146234238,-1.0346361050353814,-0.7873914974740127,0.47654483388600677,0.40613948076527456,-2.2734706229076806,-1.332582183191404
452.0,1.434467193030465,-0.45438980201272794,2.5824466803830624,-0.7539081498754039,1.8925055259024366,-0.020611005926216504,1.5389019499661643,1.8194703039771685,-2.4738500772563983,-2.0338271391296496,-0.7511227697612631,-0.6591317374709075,0.7997972302564871,0.6229529279859555,-2.1627413430214784,-1.2116959173682293
456.0,1.1657497481738195,-0.6320988842336382,2.505330704495219,-0.8603919345801436,2.4648359549063086,0.3123063598303892,1.5278494134959222,1.6498004018981305,-2.0183454478563636,-1.8555459194327522,-0.43265244596857294,-0.5246214597544961,1.0895969465259285,0.8040420008644763,-1.9488845585606418,-1.0091127736324241
460.0,0.8055265965534534,-0.9522461897504485,2.1537387147148044,-1.0889781495540385,2.8528225660745465,0.4745972614835897,1.4160313899764012,1.3382674589380037,-1.6036509107638206,-1.650560297074934,-0.12246817991619202,-0.3989630031016995,1.2891822560780157,0.9143675418440419,-1.6946264253815317,-0.7657495317750538
464.0,0.26917700394358557,-1.4190922319445165,1.4067146344073718,-1.4035863951169611,2.9231145788542827,0.45831890892211213,1.1968362874857688,0.8219292543355462,-1.309943670946995,-1.4458236943524578,0.13343281197357373,-0.28076128867054195,1.3794863799405659,0.9591777151101035,-1.4586474023549385,-0.5299675178366957
468.0,-0.5427464177335838,-2.019880547544143,0.2980313894329005,-1.7486357096265575,2.6343869103964996,0.25539659718376045,0.8637380567965919,0.12145111263254244,-1.1749768708590254,-1.2510053841425306,0.2999247767019441,-0.15639341926964634,1.3877125521714573,0.9816168737209322,-1.276707496816912,-0.3424646469849888
472.00000000000006,-1.634976361033255,-2.695491955664053,-0.9735680302992514,-2.0827372642902637,2.02057981873033,-0.14462133648481793,0.4127305300100603,-0.65852137959035,-1.18449945200931,-1.071124245430751,0.386560400127381,-0.019011585916702076,1.3748317096736766,1.0332697004577678,-1.1508747373415358,-0.2113930459340076
476.00000000000006,-2.87945294466862,-3.334383187555388,-2.2143870556557013,-2.3858037729901276,1.1492379191356974,-0.7146217408930954,-0.1633089640904163,-1.4322227547257058,-1.2714120311366544,-0.9051532352348152,0.44258012891002657,0.12088323990614117,1.4016041175819431,1.148417608626967,-1.0533407676244668,-0.11509617380684808
480.00000000000006,-4.076102695982071,-3.8438490024003005,-3.3329412481574248,-2.6669219299666,0.11163984985616592,-1.391032192861428,-0.8735522004189453,-2.1868759093744172,-1.347289918210373,-0.7466301754634487,0.5081590886974117,0.24052504756570103,1.494046650287987,1.3310100572133692,-0.9508660694082265,-0.036665402833776256
484.00000000000006,-5.010364161000238,-4.21064228611826,-4.258079367952687,-2.9614288763448697,-0.9698782717884005,-2.111287870895903,-1.6942286512289264,-2.911964754041352,-1.348252397432668,-0.5960193738158475,0.5867479964624692,0.3160771840090136,1.6352573774191428,1.548474291795809,-0.8317168397044449,0.01735043353963788
487.99999999999994,-5.48469027269626,-4.468922091675133,-4.886217405073705,-3.290394871336697,-1.9699264312966112,-2.818133307729888,-2.5324537219351666,-3.536715220454738,-1.2481737626308103,-0.46120760991380955,0.6662307919166279,0.33516266083032925,1.7854892071132413,1.7417346392233957,-0.7076251671925878,0.038026822599483555
491.99999999999994,-5.390651591743002,-4.635417102790014,-5.1724544744736285,-3.613068236174366,-2.8066237453416423,-3.434264161584009,-3.242035056434253,-3.975699422060798,-1.0389928238396138,-0.33736502243294325,0.7406048886318066,0.3098716530101516,1.9069620704114396,1.8593091090727136,-0.5931261929755985,0.03640532320977662
495.99999999999994,-4.788231690586985,-4.6995346004217255,-5.175782935154283,-3.8331891700548324,-3.4417485683696403,-3.873091614658564,-3.676959366261964,-4.181138752951486,-0.7266747762522187,-0.2009122727062329,0.8003611626031887,0.27787180435380926,1.9750109207004993,1.8891343878535278,-0.4920353719818578,0.03276256764939054
499.99999999999994,-3.871822995372711,-4.642314977693667,-4.940996524823167,-3.857224880902965,-3.8389523805983887,-4.082046453205682,-3.7279700543300813,-4.108657420115023,-0.3561901542931018,-0.038322719617177675,0.8262996184585765,0.27970717356732067,1.9779572441983666,1.8540186820396056,-0.4042171962526461,0.035859998542544194
504.0,-2.8404890175653756,-4.427764924647949,-4.417575297203955,-3.6418443459241385,-3.9526755663635265,-4.049014327249709,-3.340127204539787,-3.6931566242657703,-0.018753092283321327,0.12774471707697746,0.8105494399776778,0.32718597195858073,1.9139318114925539,1.7813194936272396,-0.334649415610448,0.04315508265669113
508.0,-1.834796425602425,-4.004702071021188,-3.5716386929762844,-3.199476723353962,-3.764969135309146,-3.769492958217123,-2.5450119772669533,-2.9275312503646953,0.18701062352783523,0.25406012345232487,0.7671741884299167,0.3938806627445897,1.786286020156652,1.6880218806702842,-0.29022496126970737,0.047183345214637885
512.0,-0.9837988609688556,-3.36611235521937,-2.503333749590103,-2.5863060943707454,-3.3063374068975615,-3.245771525654514,-1.4841101209257819,-1.9314499627219086,0.20401260096246937,0.31095174370437817,0.7072572309316512,0.4352699396452032,1.6001402617039884,1.5906359501349763,-0.2739021572391202,0.026888546007350536
516.0,-0.41785008838450016,-2.5958024130248245,-1.368273316954079,-1.8862391312029672,-2.63057920584596,-2.5260143091758533,-0.36125804183344645,-0.8775460249927106,0.03494289848057377,0.2897589952344391,0.6205549310774812,0.4154396290266381,1.3662123229297485,1.5104948797920803,-0.2861133224594868,-0.05440281473849439
520.0,-0.1757603231113065,-1.8149568506446625,-0.24592261020057754,-1.175208859595652,-1.7923600064466745,-1.7051637061425058,0.6616613942728314,0.13335929940816318,-0.2634649961513909,0.18867592794630547,0.49856536318661426,0.32113072616611943,1.1086425293895876,1.4614119463207433,-0.3257897447381805,-0.22074919495787926
524.0,-0.13851745670030996,-1.0865152500344377,0.8289155479820588,-0.47894718424005117,-0.855534011873475,-0.8650032568506748,1.5305082725365737,1.0817620108140464,-0.5937125832059563,0.012099883105201261,0.3597237931072369,0.1660471273843134,0.8631812184642597,1.4418415706919305,-0.38554527173856606,-0.45439338146243
528.0,-0.09866138068001024,-0.39976574732204045,1.77464039463126,0.22808325464120519,0.11050404161823184,-0.033480734306422316,2.27831136326548,1.9599886160477626,-0.8502311262528283,-0.21806973797186083,0.2326725496502198,-0.010011634592464364,0.6627127873597293,1.4443076871887763,-0.4513977119219764,-0.7063681106843116
532.0,0.12293379995453275,0.27159744019744475,2.522056760702003,0.9753942289757583,1.0663790551939092,0.7890459075749163,2.9686085777095754,2.768981767291861,-0.9716185914781758,-0.46777387982516855,0.12918030090598806,-0.15391196274315197,0.5255392778012502,1.4635980006600984,-0.5115325535605617,-0.9302355651776962
536.0,0.6278509958490979,0.9410031715244521,3.1308078652244995,1.7546474589083743,2.013379210417541,1.594222737063365,3.653411923877677,3.5591592587614866,-0.9696115938675894,-0.7091219681556522,0.05538210638547321,-0.22339336498918508,0.4570380902926132,1.491289601863689,-0.559633886212712,-1.0939493022630724
540.0,1.425390054228418,1.6243797728123126,3.7300688934248343,2.519639092658836,2.9453727665856233,2.370264815389215,4.337224972786248,4.384500975823025,-0.9053963735826872,-0.9229560012607473,0.03633337789590334,-0.20567640279537286,0.45385935137827055,1.5121488893979684,-0.5854968157121667,-1.1722768074312637
544.0,2.4029823578675606,2.3293055175357984,4.3506071550987,3.2054166741261683,3.8067830780241256,3.1083440492729837,4.95032832314269,5.20657022577406,-0.8468108274197642,-1.088883182484558,0.10078567724970454,-0.11891909388977985,0.49854063065764087,1.5126706748104777,-0.5706753406486089,-1.1555797739242226
548.0,3.3592234900945703,3.027318989384646,4.911160566858536,3.7453916821991813,4.523345038497823,3.7805959516701586,5.382940113057703,5.91462525720769,-0.8496627840044335,-1.1923380977940576,0.24402099736029378,-0.004119500507583772,0.5539863805270236,1.485789658222341,-0.5031860404659694,-1.069796450103864
552.0,4.1463789862686795,3.6882020108391007,5.356421286836244,4.103648020882675,5.065226692906399,4.339410459335613,5.585258585577787,6.457384724636031,-0.9512472727608996,-1.24531919318713,0.42722275963948464,0.08494059774563908,0.5734940602687306,1.4222048973512411,-0.394735395565218,-0.9676460304374171
556.0,4.778105696955817,4.349433050744674,5.703268935808276,4.317690174562043,5.4601597185303445,4.765170394004355,5.637349728030921,6.899103259111242,-1.1486760658927806,-1.2858430460379204,0.608776701286541,0.09915190709925661,0.520882546550904,1.3068457780867775,-0.2784119828762216,-0.8926930421087141
560.0,5.357549664208478,5.096060760521612,5.958932626526447,4.493705618154714,5.755387820952291,5.088909431134728,5.706044415141493,7.336974077101839,-1.3858819824911057,-1.3526852188856988,0.7531887755895125,0.01784620199525841,0.3821010881656889,1.1327133709197905,-0.1935331555080294,-0.8631593455881735
564.0,5.927130284036126,5.943502940304928,6.1153502881833735,4.728246390747772,5.9861507251453405,5.334228059919345,5.933321303005028,7.822625930987703,-1.5882897452161655,-1.4712022980939148,0.8158470150396143,-0.14135779009771723,0.16393048212306488,0.9113144257151626,-0.17727807595064218,-0.8886295589639747
568.0000000000001,6.444348632066894,6.77766143611157,6.243268084146318,5.027913671313893,6.165887517234402,5.455904029288915,6.3609391080638344,8.370127317738543,-1.7214483856297256,-1.66112041917789,0.7536433695529864,-0.3399153536820874,-0.1107597732799291,0.6607352558742757,-0.26102409577638735,-0.980418281754921
572.0000000000001,6.880441329009548,7.4396259243280145,6.470176611971386,5.313876533030875,6.277101507368381,5.375360828945228,6.925839215276745,8.961598309908448,-1.8109331041864338,-1.9342322544830084,0.5631049795621302,-0.5448970800170931,-0.4086793969136498,0.3901510700976438,-0.45682633659893956,-1.137008749486982
576.0000000000001,7.269434507256095,7.847552455413856,6.813956094382067,5.498899945677886,6.277501231829129,5.074014965686985,7.494489868460429,9.511116750156788,-1.9110333680869034,-2.269734122346977,0.28993758339129583,-0.7374027881123306,-0.6966159877291458,0.10719864812596523,-0.7402124713443538,-1.3354953105434382
580.0000000000001,7.6576433133933195,8.028514237865393,7.131199493187696,5.553348410645713,6.145700539409351,4.6288561044805085,7.92050606412289,9.893422313583791,-2.065642056841591,-2.60355526809408,-0.003525024387784097,-0.9027392866635532,-0.9507983294042521,-0.16340469326203133,-1.0507619290294785,-1.5459607273330154
584.0000000000001,8.061741904534248,8.079335299124198,7.279262509729451,5.517701324422899,5.925336479092204,4.172830613748741,8.12042999491546,10.063017169195911,-2.286683678263218,-2.8567599809360593,-0.26104725821412383,-1.0238666944437373,-1.1551432676459101,-0.38100356760675086,-1.3132053859058361,-1.7406719115084277
588.0000000000001,8.471946285220593,8.124014257099736,7.247298923196576,5.4804094652126025,5.703580194874179,3.852458357382078,8.118701886727745,10.104534451387728,-2.5397123144733396,-2.973807014854948,-0.4244899111207943,-1.0869903229748883,-1.2945510616793483,-0.5104212512420352,-1.4613178611258633,-1.8842126608091663
592.0000000000001,8.82605293513019,8.253869637779738,7.089158711521339,5.536063137878313,5.5438722864313235,3.7994872762729788,8.01096095134604,10.12597647398,-2.7431386264114654,-2.9352304588771845,-0.43937426074153973,-1.0886938348459108,-1.3588773265119494,-0.5378132335871412,-1.455721205219682,-1.9363709539137628
596.0000000000001,8.969358617896528,8.439825732579967,6.831630047242944,5.7260999577033775,5.4540371349279635,4.074148901628983,7.879770790606514,10.142796199592558,-2.8063462440658093,-2.753564674608312,-0.29166959025064654,-1.037509900068063,-1.355349293566611,-0.4725398289502156,-1.2993038978155107,-1.882686278072534
600.0000000000001,8.71945718435079,8.510395082535151,6.51919155186989,5.998473548479241,5.4097464495560805,4.605751094364229,7.749109733576852,10.099126057224487,-2.6892467551210664,-2.4734650164531375,-0.02369705642207669,-0.9535944469575764,-1.3097129728224297,-0.3471917574115267,-1.042555205485944,-1.7514864436532473
604.0000000000001,8.025562749549772,8.268532835674554,6.255043305143941,6.236256100462751,5.380014699945305,5.218235983767484,7.602187246359295,9.945398085280411,-2.424134182484951,-2.16488272888212,0.30117481773979593,-0.8659715326016025,-1.250431254642989,-0.21470841393268503,-0.7629425617890299,-1.5866966502882816
608.0000000000001,7.041835333310092,7.651608896491453,6.101336310026385,6.34124851798164,5.334891082597795,5.741287255361394,7.4149519051082295,9.642656978895221,-2.082233089858143,-1.8947398278425533,0.6350159167077073,-0.8018051214383634,-1.1944117931715739,-0.12965309052941457,-0.5265430478002258,-1.4131867584154199
612.0000000000001,6.029749120386863,6.780372649775369,5.999964241037761,6.298206459324744,5.269523889338861,6.098667371189825,7.177908575958195,9.148428082970906,-1.7339118253429808,-1.699637277570688,0.9385084158977042,-0.7730924179043788,-1.1480456807093602,-0.12253244457292078,-0.3637927867380108,-1.2401996637202606
615.9999999999999,5.220014590836087,5.884865573013477,5.878976353573525,6.175682168856307,5.234951960802857,6.309114538314963,6.919739677002384,8.481300976358765,-1.4385467735950712,-1.5866885933475705,1.1668447482860407,-0.7744909481087375,-1.1141432681500705,-0.1933533852053013,-0.27334654004838266,-1.0839968741584862
619.9999999999999,4.753572639704838,5.204456183118621,5.778716551901147,6.084805409081663,5.308836299780442,6.444405786104648,6.717610976761176,7.775107664590191,-1.2405344530289728,-1.5466991079763628,1.2922178016337096,-0.7925858651586974,-1.0927953532488666,-0.3261200206456788,-0.23533402600767175,-0.9660704412165351
623.9999999999999,4.652797928382237,4.902148158427696,5.777716419727598,6.125378758932253,5.504022471498503,6.588356095578453,6.653029425444146,7.190885739640502,-1.1489457491973196,-1.5512304437523428,1.3300435280468619,-0.812221921316582,-1.0807798221446374,-0.49829277097646263,-0.21784579225293257,-0.8944313721145623
627.9999999999999,4.777953356415793,4.98369169489135,5.844074614814585,6.328676950530292,5.717027334496988,6.781112492075546,6.736734116425055,6.777321254764377,-1.1278500908004632,-1.547772240732157,1.3194508604037452,-0.815200877542724,-1.0761942351680531,-0.6763934891128068,-0.18536993854427872,-0.8637304087203332
631.9999999999999,4.864119736571941,5.2776948658353335,5.8660493192810215,6.62524474605031,5.784990402213787,6.963941044184399,6.88999492519737,6.471305146371022,-1.1222136968448957,-1.48479932541376,1.2843920213609625,-0.7833058668776971,-1.0813346782636566,-0.8195022369597369,-0.11668901610857557,-0.8685402567321777
635.9999999999999,4.689071447814266,5.541627623961351,5.796732024658781,6.880235794817806,5.58828975702985,7.000052881770951,7.008860147004972,6.214702647085114,-1.0910742012856467,-1.350942352367377,1.2317754684303641,-0.7098891940855776,-1.0968520015553331,-0.8999652226508928,-0.016512106453054846,-0.8987405477642739
639.9999999999999,4.219897336336806,5.616537349467671,5.663524758682237,6.980174896220449,5.103273297370276,6.781614000105303,7.032345501935826,5.998471509936393,-1.0125503439411994,-1.1802031232919266,1.1754448582858985,-0.6045491325848203,-1.115003721779018,-0.9167482790667407,0.09433772095917536,-0.925942803401166
643.9999999999999,3.583338272239168,5.475225253344927,5.463912591750931,6.888453642838962,4.397623775926575,6.31271524978525,6.947817372510331,5.802929151405553,-0.8750521566034486,-1.0179761404994985,1.1360809931224165,-0.48016966117896076,-1.1207577021683104,-0.8831765474058999,0.19899698975644128,-0.9147629051224621
647.9999999999999,2.933552819158982,5.147065016956769,5.1746061972637625,6.622006908659653,3.605977304801279,5.683108542968545,6.764054442900427,5.579746139552097,-0.6826941087064924,-0.8908650696291311,1.123600818240426,-0.3358567194840105,-1.0942943763472912,-0.8071554892515568,0.29608717858972433,-0.8486631319877196
651.9999999999999,2.382350983536425,4.6507786902491315,4.86192817295661,6.197231357216726,2.8816944999922063,4.989121090153384,6.501982302894325,5.308811034588587,-0.4600144434600791,-0.8015008540706479,1.146603076017909,-0.15414403623091882,-1.0068134092503485,-0.6858969284963808,0.4035969801885636,-0.727531297225646
655.9999999999999,1.9968175755214845,4.0037944033688735,4.661665053479776,5.612929782129724,2.3204924331228187,4.297364577084013,6.189023617705604,5.002413857746496,-0.23059448300015137,-0.727630957524258,1.2376380079717098,0.08882821191127213,-0.818948012893195,-0.5079625935012012,0.562019321625519,-0.5395834104724063
659.9999999999999,1.7769811295874218,3.2428918095632833,4.623702030403899,4.871432421861693,1.9180468098856764,3.649990097905659,5.834359315701271,4.6349769368095775,0.007565299771081618,-0.6186638013912342,1.4405308164083976,0.41136847115030933,-0.495800503259898,-0.2510897216798676,0.825397478960067,-0.25698339489609484
663.9999999999999,1.6442833676934467,2.4147723129125365,4.672697107611512,4.002103787551574,1.6167756452448792,3.064237014590446,5.421648782194398,4.1419009991458315,0.2703706659652582,-0.41501734304702775,1.763980781344455,0.8138509624566005,-0.03236377302957198,0.11034422664301152,1.2285714330446122,0.1316570251665684
667.9999999999999,1.5201831827299006,1.5885644092128772,4.737994022059357,3.0787533882630083,1.3877488718023265,2.540233951787515,4.9511470303212,3.524493150718597,0.5534273482522702,-0.0923004564114655,2.163857872037937,1.2655306607002301,0.5317010203692539,0.5765260784617717,1.750472295137632,0.596429221772182
671.9999999999999,1.4169399362970885,0.8967510078206646,4.813867403916803,2.2303776754552334,1.2486672918886677,2.1037242503121147,4.480605050703415,2.8987952917985504,0.8225801735334443,0.31218800577604267,2.570623591987577,1.703919251191155,1.1177471266233696,1.097484663659796,2.309197561939898,1.076002820030192
675.9999999999999,1.3948985691527904,0.5099799127034387,4.861085261825244,1.6136525804828934,1.214175617080835,1.829533530008014,4.098731879500075,2.401822746462399,1.0335955107917676,0.7170584166270887,2.912748623356387,2.058203676124004,1.628175491339778,1.5853722140461517,2.7953971928412447,1.4964280095410973
679.9999999999999,1.4346495187984052,0.5160154677357885,4.766724040864202,1.3320599146822834,1.2572999140330152,1.7831137583295442,3.856300618372693,2.0921699020737288,1.144692982802655,1.031178653496386,3.116846394680238,2.281508543316904,1.9741585681471883,1.9538215928196367,3.1161926985256403,1.7797487712744493
683.9999999999999,1.416568025588459,0.8286276997289683,4.4690045737466635,1.3609404192356016,1.3143714200212153,1.9354737947061154,3.7329793936185047,1.9623038854201085,1.1156654123644858,1.1742954145994933,3.123499313327691,2.3636668348397074,2.105556297504375,2.1466737857665663,3.2247596477582237,1.8637218671626719
688.0,1.237563686697341,1.2343180628393198,4.036955234054428,1.554289040268714,1.2994247618869343,2.1613586484056695,3.656621019673417,1.9769036348926383,0.9231030232143989,1.0950958679839502,2.927032949097774,2.319610029150094,2.0290128670965486,2.1450051831464743,3.131698717179023,1.739040821820305
692.0,0.8928155935634642,1.512465222748289,3.56689492914026,1.724926507805569,1.121999382468897,2.319504249871792,3.5334169156021593,2.047218423827159,0.5897172697733706,0.7997379228778719,2.5852274466863676,2.1742935622139554,1.8005156697724265,1.969826422682329,2.8983327344811083,1.4638046090480945
696.0,0.4345430153451278,1.5111103544167073,3.0854886400231942,1.7232319522387551,0.7378127843240307,2.314942237408503,3.2784988470387426,2.030558119026524,0.18525362202771717,0.3632632275745805,2.1762555230108513,1.9577256571211379,1.49860536210874,1.6819134135562452,2.6093269442330733,1.130484835974153
700.0,-0.08547715905620693,1.1745679369114825,2.6201132275174492,1.4755045875119586,0.20441249550954863,2.104984040951631,2.865166219880938,1.8359819534817121,-0.21123776384330653,-0.10270333387924056,1.7585001749898252,1.7029419618824486,1.1988685051557606,1.3609544760533936,2.3359365354036936,0.8216426157752568
704.0,-0.6092878798484428,0.5693154681057153,2.2689210147910432,0.999472917457242,-0.3367973760704487,1.7011827884998163,2.3628732392465412,1.5134158304658907,-0.5431588755427531,-0.49971438709934374,1.3762306102737243,1.4406141543614597,0.958954042066929,1.0691284508141352,2.114261942204027,0.5942933525181123
708.0,-1.0688198996689837,-0.1253015945622519,2.0976930907311098,0.4025343054664648,-0.7542975203085608,1.1829876687396426,1.9072130157270781,1.1902057467062095,-0.774190946811358,-0.7664868013449176,1.074622676875085,1.1962728349600396,0.807449545978222,0.8312410757314382,1.9478654461876774,0.4784164423220971
712.0,-1.424767706641688,-0.7056517809522418,2.0273174664740425,-0.1579656730407707,-0.9970688569200907,0.6718532188961263,1.6192335249592633,0.949874822427311,-0.8795421327300351,-0.878386764557874,0.8832437420251519,0.9915828657014905,0.7359283807396308,0.6438705979666675,1.820262026611698,0.464154628508608
716.0,-1.6667909053831902,-1.041710830838195,1.9244247474839158,-0.54012312531924,-1.0810710412617135,0.26432767698779297,1.5570306985690594,0.8211740855870713,-0.8543449275378148,-0.8477543194162138,0.7973117875451703,0.8403502711773302,0.7064108449231665,0.4919452261155003,1.7060335575810661,0.49910789226859
720.0,-1.7506858636369542,-1.0875847659592404,1.762245339579774,-0.6591895650142082,-1.0437588918348395,-0.0002091851545522309,1.7269245350717566,0.8369590663802919,-0.7168329539701228,-0.7188264312605592,0.7947289543059293,0.7396010648533784,0.6772146602140441,0.35827141340461877,1.586814160625321,0.5239610905634096
724.0,-1.5940484961870314,-0.8414794471113208,1.6025204606184171,-0.49123887636553165,-0.9288686774856548,-0.11211043705630844,2.097307957318758,1.0145853545736967,-0.48954188283403804,-0.5383826837640764,0.8593055053347858,0.6714375096397516,0.6282240524234796,0.23607727342759185,1.4716265621383005,0.5173967511109059
728.0,-1.1852671006575248,-0.3566835833687684,1.4659165167074357,-0.07469799071086429,-0.7848676847051448,-0.07540262613298679,2.583881105431066,1.2872812517755847,-0.1898131579645757,-0.3258671350144554,0.9682772774621123,0.6195310358638354,0.5655192647510348,0.1431691868682282,1.3995884542385153,0.4990787589221156
732.0,-0.6596599158813791,0.2177160497750377,1.325180519308224,0.47948175558965217,-0.6477015085211993,0.06127371950551324,3.051740581231775,1.533085809339426,0.1459825850374221,-0.08484359535573689,1.0721552047986977,0.57958692421876,0.5069666453348504,0.11252138784906758,1.4115272365938847,0.49517731258308095
736.0,-0.21525692658961018,0.6765752913239874,1.190657731329189,1.0112865944814353,-0.5345576764110699,0.19762926115551346,3.3657878137315564,1.6799197101516223,0.44046289031469266,0.15700559302697167,1.1156965993849666,0.5488962879148356,0.46434126750024446,0.15568880187963868,1.5128202938948567,0.5131066453766552
740.0,0.03156966050954679,0.8755011695198375,1.0857288853344682,1.3864685842621176,-0.4667100016141968,0.2497182085728535,3.447043792487114,1.7270860597235873,0.5987258283483816,0.3357637884809407,1.0767434273473797,0.5105217749918114,0.43175823637957955,0.23766413903728167,1.6605666825110097,0.5397637588542654
744.0,0.0855301199304576,0.7973428930104559,0.9547367911191619,1.5679920986918965,-0.4720098504575612,0.2231857785614351,3.292959702070179,1.6757418399639632,0.5568213680208075,0.38316841133501006,0.965006607367682,0.43473874973367366,0.3834773328587907,0.2927676072995339,1.7799358452163936,0.5416906772300851
748.0,0.02068115339568628,0.5172151142250293,0.721041524398767,1.62587720191615,-0.5343137156760662,0.20636388270862838,2.9802210137991683,1.5202537979113846,0.3064544613925911,0.26201278405926987,0.7909604908718852,0.29583451164950825,0.28567982399392255,0.2615738162112063,1.7930063635381028,0.46876768568146254
752.0,-0.0524775042309616,0.15038816047771947,0.4508181133760554,1.693653986548003,-0.5549236442827634,0.30754309025533927,2.665120144329587,1.321797685587969,-0.10650273435014548,-0.021627743117025814,0.5637428137274426,0.08786247708544032,0.12115446586447963,0.11568821687754645,1.651490565495638,0.2848693298824507
756.0,-0.006697473389210895,-0.16276898705585519,0.3492312790462003,1.9097694309856201,-0.3997199684617435,0.60688696561729,2.5426239940284736,1.2114547791167913,-0.5838588647547664,-0.41464212458983596,0.3191876265188727,-0.16602320715129637,-0.09022066406987267,-0.1313136713074141,1.3685339093615232,0.009746345538932676
760.0,0.23128897531817236,-0.2853280873921669,0.5647812460671832,2.356170577968479,0.007579853005339181,1.1261502828741419,2.748632060178903,1.2829210118941317,-0.9875112591570603,-0.8175750291075399,0.12144335648769752,-0.4100435984377353,-0.29474269765386707,-0.4182533922810812,1.0283259987988453,-0.2787113431071181
764.0,0.6189192441840267,-0.1454182520815059,1.0816242344364493,3.0063464836397893,0.6428658452030267,1.795773602423062,3.2792405995892064,1.5312831515435792,-1.1893597669065128,-1.1143068705886312,0.027409842494226098,-0.5675361715477163,-0.43032614700480776,-0.6508640485555893,0.7536638224387249,-0.4901192823565624
768.0,1.0524152927228718,0.24384475370270628,1.80775618971309,3.7278312783850143,1.4050927507513573,2.462773076335476,4.004449173752075,1.91362397785136,-1.1345354305280342,-1.2278374422907334,0.0649832210150549,-0.5738335998703339,-0.45461080379364854,-0.7477480492087342,0.6478045151800649,-0.5646117008868078
772.0,1.4807304439484736,0.8349673028852432,2.6470201248866925,4.359769453330702,2.1486287682518688,2.9785977340431633,4.749561094448434,2.400320341178062,-0.8603320139330581,-1.1534871473097321,0.24223899630033455,-0.41102201612428807,-0.3621578614071414,-0.687396409153885,0.7513534468689277,-0.4812281550200351
776.0,1.9203679829243787,1.5793574587032855,3.4457875126495146,4.804060900646595,2.710272745434367,3.2948575852790882,5.361495515308216,2.930636351044898,-0.4623338258912696,-0.9420384103246427,0.5460168700227832,-0.11630310980983845,-0.1891316822895802,-0.5141822528200762,1.033925311860871,-0.255183391049228
780.0,2.367708219483502,2.390024694115139,3.9973059542572837,5.04994690048821,2.9627988309366597,3.4613587189816166,5.736435344977007,3.385705615019026,-0.05298369901451012,-0.6650095343619323,0.9195645223085721,0.2389101064609926,-0.002419393972645966,-0.305235052640663,1.410051303988879,0.0577420934366404
784.0,2.7595562813132783,3.1165655671513113,4.192611985050934,5.1337532380219155,2.875579510697621,3.544236132581154,5.836874655933852,3.664686529142197,0.265366882071614,-0.39622411417197434,1.2689532167432274,0.578404052495112,0.13001933586197056,-0.13388874671932577,1.7692245729681417,0.3747248544492719
788.0,3.031390518458802,3.60913202781031,4.100896490035587,5.0978394210889295,2.5182845420454103,3.574477445152858,5.6943797874500595,3.7496245210113397,0.43211099543783754,-0.19693297298262383,1.514926836997525,0.8453380807964864,0.17404453470254513,-0.046180576732297265,2.018838274282113,0.629624746162789
792.0,3.164744321403367,3.8072629583602193,3.840594089628347,4.978248193766381,2.0091481979092642,3.5630175783287936,5.3759001658552314,3.657312580818586,0.4602870447979185,-0.08903987938043545,1.6317280930951032,1.0200449331434276,0.14323787747321695,-0.04390904008652266,2.1236891213804414,0.8058321949487437
796.0,3.172869116660022,3.7572136931452773,3.4505973775919805,4.800434187491913,1.4776478834967617,3.520192134554611,4.94511469460927,3.385996995708574,0.4267829935803274,-0.04462112829898842,1.6323250966614058,1.1231292001742257,0.08154961593073554,-0.08260579387572112,2.111845712459922,0.9219878594905805
800.0,3.100820158235942,3.5746489129532413,2.9564546500557696,4.575629464248394,1.0592978152398496,3.4497668528675343,4.47003019336612,2.973480334244316,0.4144840351463469,-0.018101358793414235,1.5399111907808734,1.1927973231915747,0.03189355635971491,-0.1018869910878727,2.041115759055186,0.9962146649687275
